Workbook

Sheet Instructions
A1: Action Plan Template: Instructions
A2: Free template by Neural Project Institute · neuralprojectinstitute.com/templates/action-plan-template/
A4: Step | B4: How to use this template
A5: 1 | B5: Write the goal at the top in one measurable sentence.
A6: 2 | B6: List the actions needed to reach it, starting with a verb.
A7: 3 | B7: Assign one owner, a start date and a due date to each action.
A8: 4 | B8: Note resources and how you will know each action is done.
A9: 5 | B9: Set priority and review status weekly until the goal is met.
A11: Tip | B11: Getting the most from it
A12: 1 | B12: Keep actions small enough to finish in a few weeks.
A13: 2 | B13: One owner per action, even if many help.
A14: 3 | B14: Review the plan in a regular meeting.
A15: 4 | B15: Close or replace actions that no longer help the goal.
B17: Tabs: Dashboard summarises the data automatically; Revision history records changes to this file.

Sheet Dashboard
A1: Action Plan Template: Dashboard
A2: Free template by Neural Project Institute · neuralprojectinstitute.com/templates/action-plan-template/
A4: Total rows with data | B4: =COUNTA('Action plan'!A6:A24)
A6: Owner | B6: Count | C6: Share
A7: J. Patel | B7: =COUNTIF('Action plan'!C6:C24,A7) | C7: =IF(SUM(B$7:B$10)=0,0,B7/SUM(B$7:B$10))
A8: M. Lee | B8: =COUNTIF('Action plan'!C6:C24,A8) | C8: =IF(SUM(B$7:B$10)=0,0,B8/SUM(B$7:B$10))
A9: S. Gomez | B9: =COUNTIF('Action plan'!C6:C24,A9) | C9: =IF(SUM(B$7:B$10)=0,0,B9/SUM(B$7:B$10))
A10: Team lead | B10: =COUNTIF('Action plan'!C6:C24,A10) | C10: =IF(SUM(B$7:B$10)=0,0,B10/SUM(B$7:B$10))
A12: Priority | B12: Count | C12: Share
A13: High | B13: =COUNTIF('Action plan'!H6:H24,A13) | C13: =IF(SUM(B$13:B$15)=0,0,B13/SUM(B$13:B$15))
A14: Medium | B14: =COUNTIF('Action plan'!H6:H24,A14) | C14: =IF(SUM(B$13:B$15)=0,0,B14/SUM(B$13:B$15))
A15: Low | B15: =COUNTIF('Action plan'!H6:H24,A15) | C15: =IF(SUM(B$13:B$15)=0,0,B15/SUM(B$13:B$15))
A17: Status | B17: Count | C17: Share
A18: Not started | B18: =COUNTIF('Action plan'!I6:I24,A18) | C18: =IF(SUM(B$18:B$22)=0,0,B18/SUM(B$18:B$22))
A19: In progress | B19: =COUNTIF('Action plan'!I6:I24,A19) | C19: =IF(SUM(B$18:B$22)=0,0,B19/SUM(B$18:B$22))
A20: On hold | B20: =COUNTIF('Action plan'!I6:I24,A20) | C20: =IF(SUM(B$18:B$22)=0,0,B20/SUM(B$18:B$22))
A21: Blocked | B21: =COUNTIF('Action plan'!I6:I24,A21) | C21: =IF(SUM(B$18:B$22)=0,0,B21/SUM(B$18:B$22))
A22: Done | B22: =COUNTIF('Action plan'!I6:I24,A22) | C22: =IF(SUM(B$18:B$22)=0,0,B22/SUM(B$18:B$22))

Sheet Action plan
A1: Action Plan Template
A2: Goal: improve customer onboarding satisfaction from 7.1 to 8.0 by June
A3: Free template by Neural Project Institute · neuralprojectinstitute.com/templates/action-plan-template/
A5: # | B5: Action | C5: Owner | D5: Start | E5: Due | F5: Resources needed | G5: Success measure | H5: Priority | I5: Status
A6: 1 | B6: Survey customers about onboarding pain points | C6: J. Patel | D6: 46055 | E6: 46066 | F6: Survey tool | G6: 100 responses | H6: High | I6: In progress
A7: 2 | B7: Rewrite welcome email sequence | C7: M. Lee | D7: 46062 | E7: 46073 | F7: Copywriter (3 days) | G7: Open rate above 45% | H7: Medium | I7: Not started
A8: 3 | B8: Record three how-to videos | C8: S. Gomez | D8: 46069 | E8: 46087 | F8: Video tool | G8: Videos live in help centre | H8: Medium | I8: Not started
A9: 4 | B9: Review results and decide next steps | C9: Team lead | D9: 46090 | E9: 46091 | F9: 1-hour meeting | G9: Decision recorded | H9: High | I9: Not started

Sheet Revision history
A1: Action Plan Template: Revision history
A2: Free template by Neural Project Institute · neuralprojectinstitute.com/templates/action-plan-template/
A4: Version | B4: Date | C4: Author | D4: Summary of changes | E4: Approved by
A5: 1.0 | B5: 46321 | D5: First version created from the template
